{"precision": 0.709051724137931, "recall": 0.6318822023047375, "fbeta": 0.6682464454976303}